<config
        xmlns:xsi='http://www.w3.org/2001/XMLSchema-instance'
        xmlns='http://www.ehcache.org/v3'
        xmlns:jsr107='http://www.ehcache.org/v3/jsr107'>

    <service>
        <jsr107:defaults>
            <jsr107:cache name="catalogPage" template="heap-cache"/>
            <jsr107:cache name="findTop8" template="heap-cache"/>
            <jsr107:cache name="tagPage" template="heap-cache"/>
        </jsr107:defaults>
    </service>

    <cache-template name="heap-cache">
        <listeners>
            <listener>
                <class>cn.nicecoder.longtblog.logger.EventLogger</class>
                <event-firing-mode>ASYNCHRONOUS</event-firing-mode>
                <event-ordering-mode>UNORDERED</event-ordering-mode>
                <events-to-fire-on>CREATED</events-to-fire-on>
                <events-to-fire-on>UPDATED</events-to-fire-on>
                <events-to-fire-on>EXPIRED</events-to-fire-on>
                <events-to-fire-on>REMOVED</events-to-fire-on>
            </listener>
        </listeners>
        <resources>
            <heap unit="entries">2000</heap>
            <offheap unit="MB">100</offheap>
        </resources>
    </cache-template>
</config>
